{"cameraMode":{"drawMode":0,"name":"Shaded","section":"Shading Mode"},"sceneLighting":false,"audioPlay":false,"sceneViewState":{"showFog":true,"showMaterialUpdate":false,"showSkybox":false,"showFlares":true,"showImageEffects":true,"showParticleSystems":true},"in2DMode":false,"pivot":{"x":2.893551826477051,"y":3.2720272541046144,"z":5.461109638214111},"rotation":{"x":-0.09692142903804779,"y":0.87368243932724,"z":-0.43537792563438418,"w":-0.19446225464344026},"size":9.86305046081543,"orthographic":false}