{"cameraMode":{"drawMode":0,"name":"Shaded","section":"Shading Mode"},"sceneLighting":false,"audioPlay":false,"sceneViewState":{"showFog":true,"showMaterialUpdate":false,"showSkybox":false,"showFlares":true,"showImageEffects":true,"showParticleSystems":true},"in2DMode":false,"pivot":{"x":-120.6591796875,"y":-39.23545455932617,"z":192.93692016601563},"rotation":{"x":-0.10579885542392731,"y":0.3111330270767212,"z":-0.03581053018569946,"w":-0.9440345168113709},"size":119.33477783203125,"orthographic":false}