{"cameraMode":{"drawMode":0,"name":"Shaded","section":"Shading Mode"},"sceneLighting":true,"audioPlay":false,"sceneViewState":{"showFog":true,"showMaterialUpdate":false,"showSkybox":true,"showFlares":true,"showImageEffects":true,"showParticleSystems":true},"in2DMode":false,"pivot":{"x":6.885687351226807,"y":-45.16694259643555,"z":326.63861083984377},"rotation":{"x":-0.19031624495983125,"y":-0.04452884569764137,"z":0.004109790548682213,"w":-0.9811263680458069},"size":317.89239501953127,"orthographic":false}